id,yield
6,5828.73212
13,7127.16457
16,4546.78674
17,4056.83427
21,6645.56998
22,3866.79896
30,4305.51182
41,7041.38018
43,7560.20565
54,6735.24371
58,5628.71053
59,6795.88187
62,6836.60081
63,6608.90751
65,6677.62443
66,6443.2569
69,4042.84264
70,6503.27204
78,6422.92209
79,5665.2196
83,5596.22636
96,4418.44126
98,7935.09476
103,6870.34212
104,5333.97357
111,7184.01384
113,6117.4759
114,6443.2569
115,6663.00068
120,7322.60914
121,7669.81182
127,6735.24371
137,8247.52116
148,8263.28974
152,7163.9441
169,4016.3616
175,6862.90839
178,8064.73881
197,6836.39728
207,6922.84679
209,8211.0795
210,7024.74836
213,6979.32479
226,4576.10071
246,6190.66597
247,6520.8976
260,4913.22292
264,4641.00151
267,6580.39696
274,8175.45619
282,6960.10751
293,5246.52146
301,3900.34404
305,4290.96488
309,6554.97686
311,5711.85174
313,5322.84043
319,6281.91711
323,7303.58812
329,4323.93099
335,3276.36206
341,6731.61844
342,5429.68161
343,6830.96605
345,6315.23321
346,5462.13394
347,6717.44627
350,7835.76779
368,5781.85965
373,6299.22636
388,4290.96488
395,5246.52146
401,5807.00693
403,4068.35066
404,7243.22611
408,7293.53617
413,2688.02883
414,6244.19576
419,3837.51296
430,7381.97333
437,6998.37875
449,5336.97473
451,4694.60819
466,6643.9019
469,3923.90628
475,4546.78674
478,6663.00068
487,4418.44126
489,6564.9583
496,4350.42467
503,3471.19214
504,6274.93484
505,6422.92209
512,5313.37828
514,5381.27266
516,6543.97182
518,4641.00151
522,2988.05944
525,4079.91244
533,6493.63712
559,4254.82514
560,4830.95981
562,6503.27204
564,5556.3746
565,5639.4452
567,5781.85965
568,7914.17118
575,7004.01554
578,7861.46538
579,7369.68559
585,4560.22361
594,5136.93247
609,6942.3963
625,5837.21503
626,6554.97686
631,6274.93484
633,7230.1325
636,5964.79111
639,7163.9441
640,7381.97333
650,4433.53697
652,6376.66256
656,7317.95104
666,5575.39447
667,6180.95142
668,5794.89185
669,7136.98445
670,6368.84982
682,5715.0084
685,4125.75712
689,4460.91457
704,7322.60914
707,5722.57676
709,5747.56017
719,7243.22611
724,4574.81387
731,4920.13663
736,5449.4212
742,6493.47253
746,6368.84982
747,7479.93417
760,6948.2288
763,6543.97182
764,7298.0026
769,3436.49354
772,5395.33158
784,6880.7759
785,7284.81478
787,5605.221
788,6202.32702
789,7303.58812
792,7243.22611
795,7064.16978
798,7479.93417
816,3866.79896
822,2605.69676
823,7548.34706
824,5794.89185
825,6370.89887
830,3784.11935
836,4590.82334
840,7267.28344
841,5377.27086
843,7576.39253
844,7267.28344
849,7369.68559
864,7071.61532
867,3784.11935
876,5556.3746
882,5395.33158
895,4387.74185
896,5596.22636
906,6979.32479
909,3626.36653
915,4546.78674
935,3680.56025
948,7825.87492
956,8671.71681
962,6683.20061
966,4079.91244
968,5085.84473
973,6869.7776
975,5852.8742
983,6830.96605
994,4493.64409
996,7290.10652
1008,4546.78674
1010,7502.24389
1012,5663.06579
1028,6735.24371
1035,4975.88538
1039,6795.88187
1044,4460.91457
1053,4100.75917
1060,6392.35667
1070,6514.63899
1078,5544.62172
1089,5674.02852
1090,5605.221
1099,3471.19214
1102,7290.10652
1107,5246.52146
1111,5794.89185
1116,6770.23332
1121,6870.34212
1126,6529.98232
1136,6202.32702
1148,6475.89456
1162,7127.16457
1176,7183.10038
1184,6299.22636
1190,4930.61903
1191,8247.52116
1194,5791.45673
1200,5575.39447
1201,4393.52743
1202,4016.3616
1204,7198.42285
1211,7804.62795
1214,4740.01505
1220,7428.83442
1221,5817.18527
1222,5791.45673
1234,7829.47294
1235,4737.63925
1239,4310.6254
1241,5794.89185
1244,8175.45619
1247,5313.37828
1253,5305.74363
1270,7861.46538
1274,6608.04163
1276,7317.95104
1277,5367.61826
1279,6941.82413
1281,5455.11891
1304,5876.96001
1308,5807.00693
1313,6696.23571
1315,6691.04322
1316,7028.6735
1318,5299.66133
1321,5347.71894
1322,6102.76282
1324,4975.88538
1325,6731.71221
1335,7434.34904
1339,8211.0795
1341,5504.75083
1346,6749.51819
1353,7434.34904
1357,6135.69998
1361,5424.12351
1363,5663.06579
1364,4350.42467
1372,7163.9441
1373,6198.06496
1380,5732.24032
1386,6202.32702
1387,7243.22611
1388,8175.45619
1389,6731.61844
1390,6299.22636
1405,8175.45619
1408,4350.42467
1411,6795.88187
1416,4167.45124
1418,6757.07366
1424,7028.6735
1425,6554.97686
1426,5495.36535
1427,7536.09687
1433,5964.79111
1435,4641.00151
1439,7293.53617
1452,4203.02762
1457,7440.71201
1459,6795.88187
1469,7241.37053
1474,6598.85404
1478,5063.85109
1482,5791.45673
1489,4016.3616
1490,5794.89185
1491,6190.66597
1495,4125.75712
1508,6482.70572
1512,5381.27266
1521,6994.24801
1529,6244.19576
1531,7669.81182
1533,6735.24371
1537,7041.38018
1539,3968.33018
1540,6475.89456
1542,4079.91244
1547,5552.72387
1548,6554.97686
1554,7007.66825
1555,3626.36653
1558,6746.4546
1569,5837.21503
1570,5192.88315
1579,6515.30587
1581,5377.27086
1582,5552.72387
1587,7127.16457
1590,6979.32479
1600,3720.71159
1601,7804.62795
1604,5527.42503
1605,7230.1325
1609,5018.45303
1612,6929.5548
1616,7998.35059
1618,6155.89609
1621,5892.161
1626,4100.75917
1631,6226.28514
1639,6614.21931
1653,7267.28344
1659,6795.88187
1661,5544.62172
1664,5632.45917
1675,6482.70572
1679,7588.36096
1681,6880.7759
1698,3471.19214
1699,7340.46077
1700,7479.93417
1703,6443.2569
1704,6422.92209
1705,4068.35066
1710,6060.64149
1713,7502.24389
1714,3244.32926
1719,3322.9462
1724,6735.24371
1725,4387.74185
1731,5333.97357
1733,5225.16307
1734,6663.00068
1737,7907.24067
1740,5566.52275
1744,6443.2569
1752,5403.69852
1757,5575.39447
1758,5527.42503
1760,7150.9817
1768,6735.24371
1771,5605.221
1780,6870.34212
1796,5330.36931
1800,6226.28514
1801,7637.63338
1803,6187.95188
1809,8116.53175
1811,3708.20502
1824,4254.82514
1827,4254.82514
1829,8064.73881
1832,5902.33288
1838,5605.221
1840,4568.67217
1842,5747.56017
1853,5345.99106
1855,6503.27204
1858,4503.16186
1869,6010.76008
1871,5524.14541
1886,5299.66133
1891,5628.71053
1899,4590.82334
1901,4356.94587
1903,4768.59437
1905,6614.21931
1908,8007.20621
1910,4125.75712
1911,7284.81478
1922,8247.52116
1923,7428.83442
1931,4905.49871
1933,5649.03716
1946,6325.26613
1956,5009.96222
1959,3626.36653
1960,7048.87072
1963,5566.52275
1965,5323.30034
1975,5649.03716
1976,7107.60976
1977,6822.97163
1993,7357.3589
2002,6503.27204
2007,6412.47345
2008,4710.85865
2010,6583.45789
2011,5575.39447
2023,3269.27176
2024,3471.19214
2027,5867.99722
2028,7107.60976
2029,5781.85965
2030,5575.39447
2031,5556.3746
2033,4813.45285
2036,6569.24967
2039,6870.34212
2049,5643.36045
2050,6589.27898
2053,6806.49269
2067,8175.45619
2071,5675.72149
2074,5605.221
2080,4546.78674
2084,7423.46988
2085,6451.10052
2089,6663.00068
2091,6539.11085
2095,5482.0813
2096,4433.53697
2101,5597.02216
2107,5628.71053
2110,5403.69852
2111,3941.25512
2113,4769.31827
2117,6621.25081
2121,5741.31418
2122,4975.88538
2123,3519.43131
2130,4393.52743
2137,5791.45673
2141,6347.56076
2143,5996.07855
2148,6443.2569
2149,7317.95104
2152,6731.61844
2153,7510.79057
2157,3680.56025
2158,6347.56076
2165,7616.70599
2172,5529.06614
2174,5852.8742
2175,5575.39447
2177,5794.89185
2184,6157.05484
2188,7013.00281
2194,5086.60991
2195,4254.82514
2198,5482.0813
2200,6347.56076
2207,7400.77538
2221,7690.1749
2235,5700.24324
2243,3723.52338
2256,6277.16867
2257,3764.31973
2258,6979.32479
2260,6493.63712
2262,6846.00686
2265,5663.06579
2266,4125.75712
2270,7502.24389
2275,5700.24324
2278,7428.83442
2280,3626.36653
2283,6608.04163
2291,7284.81478
2294,7570.48492
2300,4641.00151
2301,6058.64876
2308,7297.7321
2314,7793.44206
2318,5424.12351
2319,6598.85404
2327,7044.56761
2330,6608.04163
2349,3396.72989
2350,5892.161
2357,5711.85174
2363,5602.02293
2364,7483.73632
2365,2988.05944
2366,3511.5379
2369,6422.92209
2372,8064.73881
2374,3983.09785
2384,5686.12196
2400,7548.34706
2405,6397.35569
2406,6852.97971
2415,6515.30587
2419,6180.95142
2421,5453.99382
2424,6202.32702
2435,7085.06308
2437,6060.64149
2438,7231.02778
2442,5192.88315
2443,8212.79289
2446,8212.79289
2459,5299.66133
2460,4387.74185
2463,4584.45355
2466,6898.39095
2469,5336.97473
2474,4830.95981
2480,7234.25525
2481,6779.98166
2489,7804.62795
2493,6860.39643
2495,6554.97686
2498,6514.63899
2501,5291.89688
2504,5772.91016
2505,6919.34518
2506,5503.09583
2510,6770.23332
2517,4888.50303
2519,7483.73632
2524,5643.36045
2545,7637.63338
2546,5498.43844
2556,4710.85865
2557,5548.12201
2560,5136.93247
2563,5548.12201
2566,7340.46077
2568,3708.20502
2575,8116.53175
2585,7835.76779
2588,5538.91301
2590,4334.84122
2593,4899.11899
2603,7317.95104
2607,5919.43076
2610,6578.23522
2619,6702.78038
2627,6202.32702
2633,4667.72494
2634,5360.87391
2638,6157.05484
2644,6960.10751
2652,6708.24129
2659,6822.97163
2662,4387.74185
2668,6515.30587
2670,5777.3754
2672,4888.50303
2676,8157.23694
2680,4162.76156
2683,6180.95142
2689,6198.06496
2691,4641.00151
2694,4503.16186
2698,7198.42285
2699,5647.71226
2703,6806.49269
2710,5462.13394
2712,6521.29112
2715,5605.221
2722,5639.4452
2726,7532.82953
2729,5313.37828
2732,6691.04322
2744,8212.79289
2753,3784.11935
2755,4282.70063
2760,6188.47714
2762,6335.29639
2769,5686.12196
2773,6202.32702
2775,6887.46649
2780,6691.04322
2784,5934.01088
2786,5636.30874
2796,6554.97686
2801,7207.4203
2809,4966.77945
2812,4926.27902
2816,4203.02762
2817,3436.49354
2819,3662.18313
2824,6328.89332
2830,4936.01177
2834,4546.78674
2839,5781.85965
2847,4641.00151
2849,7861.46538
2860,5575.39447
2864,5700.24324
2866,3911.42225
2873,5462.13394
2880,6315.23321
2883,6125.69538
2909,3911.42225
2917,6598.85404
2925,3182.69865
2932,6779.98166
2941,6392.35667
2960,6493.63712
2961,7284.81478
2964,8212.79289
2965,7303.58812
2969,4930.61903
2972,7206.90196
2990,5665.2196
2996,6500.09778
3029,6157.05484
3031,6244.19576
3036,7804.62795
3038,6443.2569
3048,7048.87072
3057,5807.00693
3058,6449.04157
3067,6691.04322
3074,8247.52116
3078,6663.00068
3080,4568.67217
3114,5356.87186
3117,3720.71159
3124,4290.96488
3127,3322.9462
3144,5234.74696
3148,5964.79111
3152,6157.05484
3153,3708.20502
3157,6368.84982
3171,6239.53349
3176,6903.87339
3184,5291.89688
3205,6263.80788
3229,4920.13663
3232,6180.95142
3247,7198.42285
3250,3723.52338
3253,6374.4443
3255,7284.81478
3264,5830.48855
3268,7071.83395
3270,7322.60914
3276,6254.65511
3283,6826.20873
3285,6619.84695
3289,6235.45278
3298,5217.13976
3301,7007.66825
3310,5663.06579
3322,6554.97686
3325,8284.85461
3327,5552.72387
3332,4913.22292
3334,2688.02883
3341,6202.32702
3342,6663.00068
3343,3712.99786
3349,6836.60081
3352,6779.98166
3357,6347.56076
3358,6370.89887
3377,5178.27031
3379,6202.32702
3389,6239.53349
3396,5920.48718
3400,3720.71159
3403,7858.68558
3404,4356.94587
3410,6376.66256
3414,7793.44206
3415,7297.7321
3416,7357.3589
3434,8254.12654
3443,6920.08427
3444,6071.2289
3449,5395.33158
3451,7234.25525
3457,3723.52338
3461,4079.91244
3463,7406.90248
3467,5178.27031
3473,3901.98955
3477,4248.35505
3481,3720.71159
3482,7381.97333
3485,5482.0813
3490,6520.8976
3497,6451.10052
3498,6449.04157
3510,6115.94707
3511,7417.81497
3522,7639.54789
3525,8064.73881
3532,5524.14541
3534,5403.69852
3538,6707.59259
3542,5750.88107
3544,3447.0821
3546,5322.84043
3555,4737.63925
3560,6443.2569
3566,4476.81146
3568,5902.33288
3569,5482.0813
3578,3723.52338
3589,6190.66597
3591,6422.92209
3604,5807.00693
3605,6079.08526
3606,4769.31827
3622,5566.52275
3627,3049.26032
3639,3631.90544
3641,8212.79289
3644,8157.23694
3649,6422.92209
3652,6251.61184
3657,5524.14541
3663,6135.69998
3665,4737.63925
3671,5439.4215
3678,7675.96352
3679,6979.32479
3694,5916.86224
3696,6663.00068
3697,6735.24371
3700,6801.49205
3701,8109.2305
3704,4248.35505
3708,6795.88187
3709,7340.46077
3711,7013.00281
3724,4433.53697
3726,5575.39447
3729,8013.62631
3733,6010.76008
3736,7517.44077
3739,7243.22611
3744,7172.43501
3751,6948.2288
3753,7184.01384
3774,6870.34212
3776,6580.39696
3782,6795.88187
3791,4254.82514
3792,5674.02852
3806,6986.80996
3809,3895.62684
3818,3998.05416
3822,6409.14001
3825,7771.01027
3837,6909.43
3838,6226.28514
3846,6515.30587
3856,5663.06579
3861,4813.45285
3865,6491.22353
3877,7127.16457
3880,5807.00693
3889,6747.59779
3898,5482.0813
3909,2452.68075
3913,6071.2289
3915,5217.13976
3919,7576.39253
3931,7317.95104
3932,4975.88538
3935,7793.44206
3937,5575.39447
3957,6901.65894
3963,5942.42162
3964,5852.8742
3970,6772.93347
3971,7181.42522
3974,2384.72892
3975,5018.45303
3987,7502.24389
3996,4745.46028
3999,6948.2288
4001,5403.69852
4002,6422.92209
4003,5004.15434
4004,6157.05484
4009,7267.28344
4010,7044.56761
4017,7479.93417
4019,3396.72989
4021,7626.61733
4026,6274.93484
4027,3662.18313
4046,6131.30938
4050,5964.79111
4052,5323.30034
4062,6770.23332
4063,7234.25525
4073,3813.16579
4089,6249.47082
4095,6749.51819
4103,4100.75917
4109,6412.47345
4127,6772.93347
4134,7793.44206
4140,7907.24067
4143,5299.66133
4147,8157.23694
4154,7107.60976
4155,7117.95038
4157,5322.84043
4158,4740.01505
4161,7317.95104
4172,3471.19214
4174,7340.46077
4177,4387.74185
4179,4056.83427
4180,5767.17836
4184,6869.7776
4186,6717.44627
4188,7521.71436
4201,6392.35667
4202,5225.16307
4206,6202.32702
4210,5061.72061
4211,7637.63338
4215,5892.161
4217,6574.18247
4220,7235.77564
4231,7101.75783
4233,4418.44126
4236,5834.98164
4246,5649.03716
4250,6292.42962
4253,6929.5548
4259,6443.2569
4263,7804.62795
4265,3720.71159
4273,3447.0821
4276,6292.96076
4280,6929.5548
4288,7222.00462
4289,6887.46649
4290,6979.32479
4307,6514.63899
4309,3813.16579
4310,4700.57615
4311,4975.88538
4318,6821.8081
4319,5605.221
4322,3662.18313
4327,7322.60914
4337,6628.76363
4340,5538.91301
4345,4278.76321
4348,5199.53404
4349,6626.8515
4352,7451.72563
4358,5807.00693
4362,5767.17836
4366,6397.35569
4368,5628.71053
4374,4340.82151
4376,6515.30587
4380,7301.10622
4383,6226.28514
4386,3923.90628
4390,3680.56025
4392,4303.94303
4398,5628.71053
4402,4232.76231
4408,6277.16867
4409,7357.3589
4417,4218.32799
4424,3837.51296
4425,6608.04163
4426,6500.09778
4436,8743.52098
4443,4079.91244
4445,5429.68161
4452,4745.46028
4458,6898.39095
4463,7340.46077
4466,4493.64409
4468,6848.62622
4474,6422.92209
4478,4641.00151
4483,7969.02575
4489,6465.37205
4498,3764.31973
4507,6860.39643
4508,5807.00693
4511,7441.50942
4516,5154.97591
4522,5085.84473
4524,3322.9462
4527,3748.46547
4535,5750.88107
4540,6770.23332
4543,7706.88137
4544,7628.6476
4545,6093.31527
4551,7895.0208
4552,5313.37828
4556,6960.10751
4558,8175.45619
4565,7064.16978
4566,6361.48951
4569,7732.22522
4570,6846.00686
4572,5482.0813
4574,3519.43131
4581,3748.46547
4585,5504.75083
4586,6226.28514
4593,3708.20502
4595,7322.60914
4596,4460.91457
4606,6239.53349
4608,6306.55062
4619,6702.78038
4620,5329.2632
4625,6598.85404
4636,6202.32702
4640,5696.02606
4645,7317.95104
4652,3631.90544
4655,5514.66748
4656,4667.72494
4659,6109.85047
4664,4850.03746
4679,7510.79057
4683,6299.22636
4685,6422.92209
4686,6960.10751
4697,6157.05484
4705,5934.01088
4710,5482.0813
4712,5852.8742
4713,5347.51393
4714,5665.2196
4721,6281.91711
4729,6696.23571
4734,5236.03334
4741,4898.83586
4743,3748.46547
4744,5628.71053
4745,4740.01505
4746,5675.72149
4748,5605.221
4758,7963.93931
4761,4865.39997
4764,5544.62172
4765,6409.14001
4770,2946.92602
4773,7455.41638
4775,7215.40971
4777,4079.91244
4780,6157.05484
4781,8064.73881
4782,5496.08506
4788,7215.40971
4789,8104.93497
4790,6958.17479
4793,5811.21147
4797,6331.86722
4800,6347.56076
4806,7423.46988
4807,5403.69852
4808,6852.97971
4812,5360.87391
4817,5403.69852
4821,6226.28514
4829,4045.47966
4833,5291.89688
4840,5862.80545
4848,5453.99382
4852,4936.36477
4855,6663.00068
4857,6708.24129
4863,6409.14001
4864,2508.37567
4869,6125.69538
4876,6347.56076
4886,4813.45285
4888,6226.28514
4900,6848.62622
4902,7184.01384
4913,4710.85865
4937,7800.50128
4941,3866.79896
4947,5527.42503
4956,5199.79211
4959,7381.97333
4960,7236.09025
4961,7303.58812
4971,4016.3616
4972,4340.82151
4975,3723.52338
4978,7560.20565
4984,7183.10038
5006,4387.74185
5021,6554.97686
5023,8489.69192
5037,5971.39402
5038,7230.1325
5054,4393.52743
5066,5291.89688
5071,6500.09778
5072,5791.45673
5080,5428.10602
5089,6515.30587
5099,4100.75917
5107,7479.93417
5115,6202.32702
5122,5178.27031
5130,6412.47345
5144,5556.3746
5147,7267.28344
5154,7044.56761
5161,2688.02883
5170,7479.93417
5172,8212.79289
5188,6887.46649
5195,6292.42962
5199,7924.51678
5200,7152.13259
5203,5867.99722
5204,5722.57676
5206,7175.06898
5210,4433.53697
5215,7548.34706
5217,5791.45673
5220,6539.11085
5226,6235.45278
5229,7150.9817
5230,7800.50128
5240,6281.91711
5250,7825.87492
5257,5791.45673
5258,5154.97591
5260,7357.3589
5264,4830.95981
5266,7400.77538
5281,6687.25926
5285,3447.0821
5287,7235.77564
5296,7732.22522
5302,4694.60819
5303,6598.85404
5314,4830.95981
5315,5544.62172
5322,5794.89185
5323,4387.74185
5326,4920.13663
5333,4503.16186
5337,7219.76039
5339,3748.46547
5341,5711.85174
5346,5919.43076
5347,6554.97686
5353,4924.35736
5357,3238.02815
5369,6306.55062
5370,4393.52743
5371,7564.77493
5375,4334.84122
5386,7152.13259
5388,6643.9019
5393,4830.95981
5397,6249.47082
5400,4418.44126
5405,7340.46077
5411,6746.4546
5416,7765.25632
5417,7340.46077
5429,3895.62684
5434,6325.26613
5443,6808.26361
5451,5492.81699
5461,4888.50303
5464,7270.31832
5468,5124.8549
5470,6543.97182
5479,3723.52338
5482,5330.63134
5490,6400.02221
5494,5345.99106
5497,6451.10052
5510,4813.45285
5516,5695.56442
5518,5767.17836
5522,5852.8742
5524,5462.13394
5526,5514.66748
5528,7738.88171
5534,7028.6735
5542,4179.18592
5543,6235.45278
5544,4433.53697
5545,5942.42162
5548,6696.23571
5549,7502.24389
5557,7517.44077
5561,5746.77703
5570,7298.0026
5572,4305.51182
5573,4694.60819
5582,6754.44894
5595,7858.68558
5604,7219.76039
5609,4590.82334
5614,7793.44206
5616,6150.84205
5628,6920.08427
5639,6315.23321
5642,5700.24324
5651,5735.13303
5657,6493.25828
5659,5628.71053
5661,3784.11935
5666,6451.10052
5667,6869.7776
5674,6361.48951
5679,4254.82514
5683,5575.39447
5690,6150.84205
5707,4387.74185
5717,7198.42285
5726,5291.89688
5733,5514.66748
5744,6986.80996
5753,5628.71053
5754,5892.161
5759,7071.61532
5765,5695.56442
5775,4248.35505
5777,4558.98072
5790,8175.45619
5792,3631.90544
5793,7457.50606
5797,3968.33018
5799,6539.11085
5801,3626.36653
5802,6422.92209
5808,5605.221
5813,4830.95981
5814,4888.50303
5822,7479.93417
5824,5645.14663
5830,6880.7759
5835,6860.39643
5839,7532.82953
5841,4357.82292
5850,3680.56025
5852,5632.45917
5854,5663.06579
5857,4590.82334
5858,6717.44627
5862,7639.54789
5868,7897.9319
5878,3837.51296
5888,6772.93347
5889,6830.96605
5890,2688.02883
5893,6779.98166
5901,4336.10096
5904,6060.64149
5915,6821.8081
5917,8002.9971
5919,4387.74185
5927,3911.42225
5930,6683.20061
5936,5931.7528
5939,6887.46649
5942,6795.88187
5946,5996.07855
5949,6260.47363
5957,4323.93099
5978,5482.0813
5984,5575.39447
5990,8247.52116
5991,5696.02606
5994,4705.62653
5996,5347.71894
5997,7303.58812
6003,7771.01027
6008,8284.85461
6010,7085.06308
6011,6749.51819
6012,4493.64409
6026,4068.35066
6028,6292.42962
6032,6180.95142
6037,7219.76039
6040,7441.50942
6049,8157.23694
6072,6795.88187
6081,7267.28344
6087,6392.35667
6088,7732.22522
6090,6292.96076
6091,4010.55215
6094,7835.76779
6101,4802.6043
6102,4999.15621
6103,7969.02575
6104,7510.79057
6110,7172.43501
6114,5360.87391
6118,6696.23571
6119,5246.52146
6126,7267.28344
6132,6529.98232
6134,6757.07366
6135,6500.09778
6141,5575.39447
6142,4100.75917
6147,6808.26361
6150,5205.3203
6155,7122.49056
6167,5773.62581
6174,5637.9843
6178,7483.73632
6187,5336.97473
6189,7800.50128
6192,5217.13976
6199,6772.93347
6201,5971.39402
6207,4016.3616
6209,5649.03716
6211,7765.25632
6213,6093.31527
6214,6392.35667
6223,6146.83152
6234,7357.3589
6236,6412.47345
6244,5596.22636
6251,6717.44627
6254,4200.97375
6255,7761.15796
6258,4710.85865
6259,7738.88171
6269,5755.70016
6270,3322.9462
6271,6015.22456
6272,5605.221
6278,7150.9817
6279,7198.42285
6286,6942.3963
6288,5636.30874
6294,4418.44126
6295,6451.10052
6298,3948.98691
6301,2988.05944
6310,6998.37875
6318,3804.61017
6320,5199.53404
6321,6180.95142
6322,5492.81699
6323,4913.22292
6328,5347.71894
6344,5381.27266
6354,6239.53349
6358,7184.01384
6359,6292.96076
6360,5367.61826
6364,5492.81699
6368,6451.10052
6369,6663.00068
6372,3238.02815
6378,6539.11085
6382,7183.10038
6384,7290.10652
6398,6251.61184
6402,6263.80788
6408,7298.0026
6409,7667.83619
6411,5722.57676
6415,7778.34916
6424,6500.09778
6433,7428.83442
6438,5755.70016
6439,6691.04322
6443,6292.96076
6444,7369.68559
6451,4745.46028
6454,6020.87569
6460,6157.05484
6465,6746.4546
6482,7588.36096
6485,6862.90839
6491,4203.02762
6498,5711.85174
6500,6392.35667
6503,4924.35736
6517,6370.89887
6524,5575.39447
6527,5777.3754
6529,6443.2569
6532,4641.00151
6534,5663.06579
6537,6806.49269
6545,4166.29973
6553,6491.22353
6554,5575.39447
6558,7483.73632
6560,4830.95981
6573,7357.3589
6577,5674.02852
6580,4079.91244
6586,6058.64876
6591,6263.80788
6596,6543.97182
6601,5453.99382
6603,6058.64876
6605,7163.9441
6613,5791.45673
6614,6033.77856
6616,6880.7759
6618,5234.74696
6619,5605.221
6625,5154.97591
6634,6691.04322
6645,6564.9583
6647,7028.6735
6648,6903.87339
6658,6347.56076
6668,6226.28514
6672,7479.93417
6677,7479.93417
6681,6846.00686
6683,5136.93247
6684,6960.10751
6695,6376.66256
6708,5061.72061
6710,6569.24967
6715,6770.23332
6718,7415.89441
6722,5596.22636
6727,6836.60081
6730,4667.72494
6737,7639.54789
6738,5291.89688
6743,5643.36045
6752,4737.63925
6754,4433.53697
6756,3626.36653
6766,6315.23321
6768,6929.5548
6772,7529.17505
6774,5966.71128
6775,5345.99106
6787,5739.68029
6792,4218.32799
6793,3139.43255
6794,6422.92209
6796,5882.96562
6802,4278.76321
6806,8157.23694
6813,3901.98955
6815,6491.22353
6819,7028.6735
6822,5492.81699
6825,8157.23694
6832,5722.57676
6833,7381.97333
6835,5046.45734
6854,4644.60117
6867,7267.28344
6873,5643.36045
6877,4460.91457
6878,6409.14001
6879,7690.1749
6900,3182.69865
6903,7270.31832
6909,6335.29639
6923,6929.5548
6924,8134.72655
6929,5828.73212
6935,6638.65649
6939,6948.2288
6948,5455.11891
6952,4218.32799
6961,4068.35066
6964,6376.66256
6969,6370.89887
6971,3631.90544
6975,4888.50303
6980,5862.80545
6981,5675.72149
6985,4323.93099
6989,7548.34706
6998,5746.77703
7002,5794.89185
7003,8109.2305
7007,8318.79889
7009,5767.17836
7012,4042.84264
7015,7793.44206
7022,7181.42522
7036,5154.97591
7038,5882.96562
7041,7303.58812
7043,5777.3754
7044,5336.97473
7047,6992.82314
7048,6236.70711
7049,2452.68075
7052,6922.84679
7062,5647.71226
7063,8440.96097
7064,7884.56772
7077,7502.24389
7082,7479.93417
7088,2946.92602
7091,7270.31832
7099,4042.84264
7100,6370.89887
7102,5828.73212
7107,4357.82292
7108,5601.20531
7110,5739.68029
7112,6589.27898
7121,4975.88538
7136,7604.31584
7137,5347.71894
7138,7270.31832
7139,5150.94289
7140,5722.57676
7143,6125.69538
7144,3519.43131
7146,5046.45734
7153,4888.50303
7156,6779.98166
7158,5086.60991
7161,5645.14663
7162,8134.72655
7166,5728.74828
7171,3723.52338
7172,7604.31584
7178,4245.28573
7190,6198.06496
7192,5313.37828
7199,6772.93347
7201,6717.44627
7208,6443.2569
7218,6335.29639
7219,3626.36653
7237,6347.56076
7241,8090.41713
7242,6274.93484
7250,6260.47363
7253,4789.59697
7255,4905.49871
7261,7107.60976
7268,7270.31832
7272,7163.9441
7287,8440.96097
7290,3712.99786
7294,7222.00462
7300,5715.0084
7302,6180.95142
7303,6157.05484
7304,5605.221
7307,4460.91457
7309,6015.22456
7321,7897.9319
7325,5700.24324
7327,5696.02606
7330,7198.42285
7332,4493.64409
7337,5063.85109
7346,6520.8976
7349,7924.51678
7358,3923.90628
7359,7267.28344
7360,6677.62443
7363,5514.66748
7364,6392.35667
7369,6422.92209
7400,5852.8742
7402,3784.11935
7404,6779.98166
7406,6315.23321
7411,7267.28344
7412,7357.3589
7418,6315.23321
7423,5767.17836
7428,6098.11317
7429,5663.06579
7431,6482.70572
7432,7502.24389
7433,4590.82334
7436,5336.97473
7445,6079.08526
7446,3712.99786
7450,6180.95142
7451,5649.03716
7453,6480.80815
7464,6514.63899
7468,7007.66825
7469,3626.36653
7474,5639.4452
7486,4234.86859
7496,5453.99382
7502,7381.97333
7506,3511.5379
7507,5665.2196
7513,7103.50894
7514,3626.36653
7517,6202.32702
7523,6299.22636
7529,6569.24967
7542,2384.72892
7544,5446.69747
7546,6808.26361
7549,6254.65511
7561,5061.72061
7570,5136.93247
7571,6779.98166
7572,3834.5748
7582,4710.85865
7583,7381.97333
7594,6409.14001
7602,6702.78038
7605,7322.60914
7606,7804.62795
7607,5446.69747
7618,6368.84982
7621,5739.68029
7634,6155.89609
7639,3182.69865
7641,5296.61109
7643,7998.35059
7644,4068.35066
7649,7380.6338
7651,4705.62653
7668,6102.76282
7672,6026.06365
7676,7570.60862
7677,6467.65476
7682,6361.48951
7683,5862.80545
7684,7510.79057
7687,6821.8081
7691,7617.39589
7698,6392.35667
7705,5018.45303
7717,8212.79289
7718,3049.26032
7720,7406.90248
7725,7219.76039
7729,3837.51296
7731,6583.45789
7732,6475.89456
7735,6503.27204
7737,5544.62172
7739,7825.87492
7743,5246.52146
7745,5291.89688
7757,4079.91244
7758,7005.0386
7773,5192.88315
7774,6554.97686
7780,6594.0446
7781,6862.90839
7787,7608.62182
7789,4853.8076
7792,6335.29639
7794,6731.71221
7795,7479.93417
7797,8212.79289
7804,6370.89887
7805,7198.42285
7806,7340.46077
7811,7357.3589
7822,7369.68559
7824,6898.39095
7826,5794.89185
7838,5136.93247
7839,5381.27266
7845,6226.28514
7847,6673.304
7850,6235.45278
7851,4644.60117
7855,6467.65476
7856,4590.82334
7860,6467.65476
7871,5399.86113
7875,7532.82953
7876,5735.13303
7886,7159.33666
7891,4254.82514
7894,7771.01027
7895,7529.17505
7898,7284.81478
7901,4418.44126
7902,6071.2289
7910,4572.12637
7915,5446.69747
7919,6461.67087
7920,6190.66597
7945,5750.88107
7948,6514.63899
7955,4125.75712
7959,5675.72149
7964,7732.22522
7969,5867.99722
7970,5402.48408
7975,4899.11899
7976,5675.72149
7987,4673.38052
7988,5741.31418
8017,5556.3746
8022,3519.43131
8032,4700.57615
8033,4433.53697
8040,5085.84473
8044,4418.44126
8054,6392.35667
8061,4710.85865
8067,6614.21931
8073,6909.43
8087,6155.89609
8093,6515.30587
8095,7479.93417
8096,8284.85461
8111,4418.44126
8113,7425.75194
8117,6202.32702
8123,4641.00151
8124,5892.161
8134,7369.68559
8139,5700.24324
8142,5902.33288
8167,6131.30938
8169,7479.93417
8172,6249.47082
8179,6361.48951
8180,6392.35667
8193,5791.45673
8207,6521.29112
8210,3322.9462
8217,4926.27902
8224,6514.63899
8232,7713.4796
8235,6683.20061
8236,3182.69865
8237,7136.98445
8239,4167.45124
8245,5605.221
8247,5462.13394
8255,7858.68558
8261,5739.92493
8264,6347.56076
8271,7417.81497
8280,7564.77493
8287,6539.11085
8291,6554.97686
8297,5971.39402
8298,6898.39095
8299,7357.3589
8300,4850.03746
8302,5439.4215
8305,3748.46547
8308,5291.89688
8311,6422.92209
8315,4350.42467
8319,7738.88171
8323,6361.48951
8325,7517.44077
8338,4580.393
8345,6482.70572
8347,6514.63899
8370,5674.02852
8386,6752.17704
8391,7517.44077
8396,4644.60117
8399,6801.49205
8406,4433.53697
8408,6226.28514
8425,4503.16186
8426,5496.08506
8429,3238.02815
8433,6514.63899
8437,5246.52146
8438,5323.30034
8439,3937.91539
8445,5575.39447
8451,7835.76779
8457,6795.88187
8459,3631.90544
8460,7502.24389
8475,6887.46649
8478,6306.55062
8479,4745.46028
8481,5225.16307
8485,7340.46077
8487,4433.53697
8488,4433.53697
8496,5649.03716
8504,4558.98072
8505,4641.00151
8509,3834.5748
8511,5931.7528
8512,5329.2632
8519,4016.3616
8527,2825.00374
8532,7206.90196
8539,4924.35736
8552,5575.39447
8557,5781.85965
8570,5313.37828
8571,6155.89609
8577,5645.14663
8586,5482.0813
8597,5596.22636
8609,7184.01384
8610,6779.98166
8612,3901.98955
8616,4254.82514
8630,3680.56025
8638,5636.30874
8655,6117.4759
8656,4740.01505
8659,5647.71226
8667,6614.21931
8668,7301.10622
8676,6318.70872
8688,4945.79443
8696,6903.87339
8706,5781.85965
8711,7443.62446
8712,7322.60914
8714,6770.23332
8721,4546.78674
8724,7483.73632
8729,3494.94296
8732,8090.41713
8736,6400.02221
8737,5492.81699
8738,7706.88137
8740,6239.53349
8746,6260.47363
8748,7502.24389
8749,8440.96097
8751,6770.23332
8756,6226.28514
8757,6880.7759
8766,4334.84122
8773,6608.04163
8776,7206.90196
8779,6226.28514
8785,6202.32702
8789,5728.74828
8794,6443.2569
8802,6528.79888
8804,6717.44627
8807,4162.76156
8808,7399.87589
8812,5446.69747
8814,3748.46547
8819,6187.95188
8826,4245.28573
8827,6645.56998
8830,3387.78516
8832,6394.07791
8833,5767.17836
8834,6595.45629
8838,8212.79289
8842,6909.43
8855,6948.2288
8856,6451.10052
8858,7206.90196
8860,4975.88538
8867,3373.43684
8868,7206.90196
8875,5601.20531
8880,6909.43
8884,7369.68559
8891,4789.59697
8897,3911.42225
8899,5347.71894
8905,6852.97971
8906,4813.45285
8908,6671.07264
8916,5455.11891
8923,6852.97971
8928,7022.18973
8932,6808.26361
8938,3712.99786
8943,5462.13394
8944,6514.63899
8948,6836.60081
8953,7340.46077
8962,4888.50303
8969,5482.0813
8979,5356.87186
8981,6157.05484
8988,7284.81478
9001,5596.22636
9006,4418.44126
9016,4387.74185
9024,5136.93247
9025,8247.52116
9029,5296.61109
9042,6746.4546
9044,5449.4212
9045,4340.82151
9052,5345.99106
9053,4813.45285
9076,6795.88187
9077,7804.62795
9078,6400.02221
9080,7660.88604
9088,3911.42225
9095,7219.76039
9114,6412.47345
9120,6251.61184
9134,7536.09687
9140,4433.53697
9143,8212.79289
9145,6034.64214
9153,6869.7776
9163,7303.58812
9166,6226.28514
9167,7206.90196
9174,3519.43131
9177,7340.46077
9189,6299.22636
9190,6645.56998
9191,6500.09778
9193,5628.71053
9197,6836.60081
9199,7150.9817
9200,6347.56076
9204,4016.3616
9206,6580.39696
9214,4305.51182
9223,3723.52338
9230,6422.92209
9237,8175.45619
9241,4905.49871
9242,5675.72149
9244,6717.44627
9248,4966.77945
9255,7284.81478
9260,6060.64149
9265,5837.21503
9269,5755.70016
9273,7963.93931
9279,4433.53697
9284,7483.73632
9289,5636.30874
9294,2605.69676
9299,4503.16186
9310,4813.45285
9320,4068.35066
9332,6979.32479
9353,7617.39589
9384,5834.98164
9391,3373.43684
9397,4667.72494
9403,3322.9462
9404,7457.50606
9406,5524.14541
9415,5755.70016
9420,5323.30034
9423,6443.2569
9438,7660.88604
9440,7604.31584
9447,6717.44627
9448,7019.69438
9456,5377.27086
9459,5867.99722
9465,5246.52146
9470,5739.68029
9473,6132.99793
9476,3923.90628
9477,6830.96605
9478,6037.68613
9481,7369.68559
9482,5566.52275
9485,6514.63899
9488,5178.27031
9490,7825.87492
9512,5482.0813
9514,6157.05484
9516,5996.07855
9519,6979.32479
9527,4254.82514
9532,7340.46077
9549,6735.24371
9551,3998.05416
9552,3662.18313
9561,2946.92602
9575,6292.42962
9578,5596.22636
9583,3723.52338
9588,5773.62581
9597,7230.1325
9612,7267.28344
9615,7715.81088
9617,8086.38881
9622,4162.76156
9630,5605.221
9631,3662.18313
9632,5046.45734
9634,7588.36096
9636,5684.14351
9637,7007.66825
9640,5686.12196
9647,4546.78674
9656,7207.4203
9673,6037.68613
9678,6779.98166
9681,4737.63925
9693,6880.7759
9695,5732.24032
9704,3822.98167
9706,7206.90196
9711,4045.47966
9715,6292.42962
9722,5429.68161
9731,4393.52743
9736,5322.84043
9739,6412.47345
9745,6491.22353
9746,5649.03716
9752,7541.6674
9769,3895.62684
9770,6347.56076
9771,7761.15796
9772,6799.72918
9777,6708.24129
9784,4930.61903
9785,7715.81088
9788,4975.88538
9796,5602.02293
9813,5711.85174
9814,5556.3746
9819,8175.45619
9821,5333.97357
9827,7440.71201
9828,6422.92209
9832,5605.221
9839,6564.9583
9845,6392.35667
9849,7825.87492
9859,7241.37053
9867,5971.39402
9870,5663.06579
9872,5777.3754
9874,5313.37828
9875,7357.3589
9881,7381.97333
9884,6320.96112
9887,6368.84982
9901,6079.08526
9902,6180.95142
9903,4641.00151
9909,6034.64214
9913,6157.05484
9915,6821.8081
9917,6482.70572
9918,5720.72316
9925,7290.10652
9927,5746.77703
9929,5356.87186
9932,4945.79443
9934,6580.39696
9943,6683.20061
9944,7626.61733
9949,5596.22636
9957,6361.48951
9972,7198.42285
9975,7565.21124
9982,7381.97333
9984,5330.63134
9989,4179.18592
9990,3837.51296
9992,4042.84264
9995,6583.45789
10000,3471.19214
10004,5566.52275
10006,6397.35569
10016,3900.34404
10017,5750.88107
10023,7048.87072
10029,5128.16351
10033,6808.26361
10035,4387.74185
10044,6898.39095
10046,6010.76008
10047,5086.60991
10048,6979.32479
10049,6461.67087
10052,6493.63712
10055,5575.39447
10062,7198.42285
10063,7322.60914
10068,6696.23571
10069,4234.86859
10070,7608.62182
10071,5647.71226
10074,5711.85174
10079,5665.2196
10081,6830.96605
10093,6526.98819
10096,7041.38018
10102,5336.97473
10109,4905.49871
10112,7340.46077
10118,5605.221
10126,5388.50369
10128,6347.56076
10136,4177.0152
10138,5569.13925
10146,6628.76363
10148,5514.66748
10149,5601.20531
10160,7071.83395
10167,3708.20502
10172,4590.82334
10186,6554.97686
10187,6887.46649
10200,7829.47294
10201,4433.53697
10206,6795.88187
10221,4641.00151
10222,6274.93484
10231,3436.49354
10234,3901.98955
10239,7778.34916
10241,5695.56442
10242,3182.69865
10248,6731.61844
10249,4850.03746
10260,7317.95104
10263,6671.07264
10266,3822.98167
10285,6795.88187
10300,5439.4215
10306,6539.11085
10315,4546.78674
10322,6281.91711
10323,4802.6043
10326,5732.24032
10332,3049.39771
10348,6451.10052
10357,6412.47345
10364,5807.00693
10368,5063.85109
10378,6503.27204
10380,3680.56025
10391,4587.38557
10392,5291.89688
10397,3182.69865
10402,5462.13394
10404,5767.17836
10413,6030.98074
10418,5954.51315
10419,6909.43
10433,7399.87589
10434,6979.32479
10444,5747.56017
10457,5643.36045
10460,7380.6338
10461,7428.83442
10472,7588.36096
10473,7198.42285
10475,3182.69865
10483,7267.28344
10496,5501.87808
10501,4684.89321
10503,7417.81497
10507,5665.2196
10518,7267.28344
10523,7136.98445
10526,8157.23694
10528,7825.87492
10531,6860.39643
10534,5336.97473
10541,5462.13394
10543,3519.43131
10555,5876.96001
10558,5597.02216
10568,5544.62172
10574,6306.55062
10581,4310.6254
10586,5462.13394
10599,7267.28344
10602,7175.06898
10605,6779.98166
10607,5482.0813
10608,5086.60991
10610,5755.70016
10613,7357.3589
10620,5246.52146
10623,6575.59267
10626,6467.65476
10630,5178.27031
10631,5246.52146
10632,6392.35667
10635,6260.47363
10646,6376.66256
10653,5807.00693
10657,5377.27086
10664,5732.24032
10671,6808.26361
10674,4899.11899
10675,5462.13394
10677,4112.89349
10680,5865.38472
10685,4737.63925
10686,5934.01088
10689,8109.2305
10690,4418.44126
10693,4546.78674
10701,6500.09778
10704,4225.96131
10712,4125.75712
10717,6717.44627
10719,5781.85965
10723,6400.02221
10725,5347.71894
10726,6226.28514
10732,5236.03334
10739,4062.73953
10742,6226.28514
10743,6226.28514
10746,6422.92209
10750,8440.96097
10751,6226.28514
10755,5898.01573
10765,3895.62684
10779,5322.84043
10782,3626.36653
10785,7184.01384
10787,6461.67087
10795,6180.95142
10796,4100.75917
10799,3866.79896
10802,4769.31827
10809,6574.18247
10811,4393.52743
10816,8166.59786
10817,4975.88538
10820,5566.52275
10830,7617.39589
10836,5291.89688
10841,5462.13394
10843,5663.06579
10849,6770.23332
10854,7181.42522
10859,5777.3754
10861,7588.36096
10869,5246.52146
10871,3813.16579
10874,4850.03746
10884,4278.76321
10885,5728.74828
10891,5596.22636
10896,6514.63899
10900,6263.80788
10904,6244.19576
10915,7130.83001
10919,7570.60862
10920,5501.87808
10922,3895.62684
10926,7284.81478
10927,5462.13394
10934,6376.66256
10941,5498.43844
10953,5755.70016
10958,6235.45278
10959,7639.54789
10964,5225.16307
10968,4930.61903
10978,7028.6735
10979,5649.03716
10985,8247.52116
10988,6249.47082
10989,5867.99722
10999,4936.36477
11005,4278.76321
11009,6503.27204
11018,6543.97182
11023,7322.60914
11024,7127.16457
11027,6687.25926
11033,7085.06308
11034,6392.35667
11038,5124.8549
11040,7778.34916
11066,5556.3746
11075,3626.36653
11081,8134.72655
11093,7381.97333
11102,7706.88137
11105,4100.75917
11109,6903.87339
11112,4245.28573
11125,6500.09778
11129,6578.23522
11134,3748.46547
11136,5817.18527
11138,6702.78038
11140,5711.85174
11143,5462.13394
11147,6263.80788
11148,7303.58812
11153,6392.35667
11154,5729.71505
11176,4290.96488
11179,6691.04322
11192,6467.65476
11193,3708.20502
11212,7161.9619
11213,5902.33288
11217,4418.44126
11221,5695.56442
11227,5329.2632
11231,5794.89185
11240,6461.67087
11246,7637.63338
11252,3662.18313
11253,6180.95142
11259,7235.77564
11260,5504.75083
11261,5313.37828
11266,4641.00151
11268,6037.68613
11271,5556.37228
11280,4162.76156
11281,5735.13303
11292,7381.97333
11294,4218.32799
11298,5700.24324
11304,7016.89385
11310,6443.2569
11311,6645.56998
11316,7969.02575
11322,6412.47345
11324,8064.73881
11333,6503.27204
11341,5360.87391
11347,6292.42962
11353,7080.04004
11363,4899.11899
11372,3680.56025
11384,5728.74828
11385,7907.24067
11386,6202.32702
11390,3866.79896
11394,6554.97686
11399,6717.44627
11402,5395.33158
11406,6795.88187
11415,6870.34212
11420,6292.96076
11426,6887.46649
11429,5837.21503
11436,6335.29639
11438,5596.22636
11441,7163.9441
11444,5772.91016
11447,6614.21931
11452,4310.6254
11464,8116.53175
11465,5966.71128
11486,7732.22522
11489,6370.89887
11498,6909.43
11505,6799.72918
11506,7340.46077
11508,7303.58812
11518,3626.36653
11526,3626.36653
11537,6898.39095
11547,6347.56076
11549,4546.78674
11552,5005.32997
11556,7048.87072
11557,5569.13925
11559,4125.75712
11561,7064.16978
11565,4936.01177
11566,6263.80788
11571,6929.5548
11572,6422.92209
11574,5605.221
11580,6190.66597
11598,6524.29532
11600,5492.81699
11607,5791.45673
11614,5514.66748
11619,5695.56442
11625,7998.35059
11627,4503.16186
11648,5605.221
11663,6274.93484
11668,6717.44627
11669,3804.61017
11671,6898.39095
11672,3680.56025
11673,5329.2632
11676,4303.94303
11683,6862.90839
11684,6236.70711
11696,6836.60081
11700,7162.43364
11702,4418.44126
11705,6422.92209
11710,7588.36096
11712,5524.14541
11715,5596.22636
11723,5828.73212
11724,6941.82413
11733,7778.34916
11743,5720.72316
11745,6394.07791
11748,4056.83427
11750,5367.61826
11756,5399.86113
11758,6301.03442
11769,5575.39447
11773,5291.89688
11775,4016.3616
11778,7675.96352
11782,7425.75194
11784,7380.6338
11787,6500.09778
11788,5323.30034
11797,7761.15796
11799,6583.45789
11801,3923.90628
11805,6608.90751
11808,3436.49354
11822,5675.72149
11823,5596.22636
11830,5178.27031
11832,5395.33158
11835,7013.00281
11836,7969.02575
11841,5794.89185
11844,5663.06579
11847,4705.62653
11848,7969.02575
11849,6514.63899
11857,3436.49354
11860,6412.47345
11862,4225.96131
11863,4476.81146
11869,5715.0084
11879,4587.38557
11883,5791.45673
11885,5942.42162
11888,6443.2569
11890,4684.89321
11892,5424.12351
11895,4813.45285
11896,5596.22636
11906,7381.97333
11909,6467.65476
11912,4745.46028
11918,6157.05484
11919,6422.92209
11921,4503.16186
11922,6500.09778
11925,6347.56076
11926,5882.96562
11930,6645.56998
11942,6226.28514
11945,6260.47363
11947,6702.78038
11948,5649.03716
11950,7706.88137
11952,4710.85865
11964,6826.20873
11967,5695.56442
11979,5777.3754
11987,4042.84264
11993,3764.31973
11994,8134.72655
11997,5628.71053
12003,6735.24371
12004,6746.4546
12006,3748.46547
12011,8175.45619
12012,7560.20565
12015,3387.78516
12016,8064.73881
12018,6779.98166
12021,4225.96131
12022,5914.16491
12031,7761.15796
12036,4162.76156
12044,6376.66256
12046,5291.89688
12047,6461.67087
12048,5767.17836
12065,4813.45285
12069,6795.88187
12074,4310.6254
12085,4387.74185
12086,4924.35736
12093,6157.05484
12096,6244.19576
12097,5504.75083
12098,5192.88315
12100,7322.60914
12106,4966.77945
12109,5830.48855
12113,5333.87334
12116,6292.42962
12124,6574.18247
12125,5535.05665
12126,6836.60081
12130,5498.46022
12135,3923.90628
12137,5192.88315
12139,8211.0795
12143,6202.32702
12160,7071.83395
12165,5767.17836
12175,5482.0813
12176,6702.78038
12179,6013.40759
12180,6929.5548
12185,5322.84043
12192,3901.98955
12201,5192.88315
12204,5755.70016
12205,3948.98691
12210,5203.87681
12219,4320.87416
12224,7243.22611
12230,6826.20873
12232,5192.88315
12237,7675.96352
12238,6702.78038
12253,4737.63925
12255,4125.75712
12256,5596.22636
12258,5524.14541
12260,7548.34706
12261,7415.89441
12263,6097.44285
12270,6376.66256
12271,7219.76039
12282,5291.89688
12284,7243.22611
12286,4393.52743
12289,6033.77856
12290,7184.01384
12296,4641.00151
12299,3626.36653
12300,6979.32479
12306,5966.71128
12309,6671.07264
12311,6475.89456
12314,6376.66256
12320,3764.31973
12322,5246.52146
12329,5996.07855
12341,8116.53175
12348,4802.6043
12349,3712.99786
12351,5867.99722
12361,6236.70711
12375,7381.97333
12376,5876.96001
12381,4042.84264
12384,7159.33666
12385,7732.22522
12391,5322.84043
12394,7267.28344
12395,3238.02815
12397,7150.9817
12400,8212.79289
12405,7340.46077
12406,5811.21147
12410,5996.07855
12418,6202.32702
12422,4068.35066
12425,5150.94289
12433,6771.72291
12440,5514.66748
12441,7604.31584
12467,6125.69538
12469,5313.37828
12473,4336.10096
12478,3895.62684
12481,6482.70572
12486,6180.95142
12490,6770.23332
12496,4100.75917
12504,5246.52146
12511,5794.89185
12526,7322.60914
12527,6749.51819
12537,6929.5548
12539,6948.2288
12541,4858.24073
12544,8134.72655
12546,6226.28514
12548,5556.3746
12556,6503.27204
12572,7835.76779
12575,5722.57676
12577,7617.39589
12579,5628.71053
12585,5556.3746
12587,7207.4203
12589,3631.90544
12592,6569.24967
12599,5596.22636
12600,6482.70572
12608,5566.52275
12611,7761.15796
12612,5643.36045
12623,5575.39447
12624,5124.8549
12626,7284.81478
12630,6554.97686
12631,6757.07366
12636,6182.75087
12643,5605.221
12648,7150.9817
12650,6909.43
12653,6079.08526
12661,5336.97473
12663,5377.27086
12668,3826.17226
12684,6960.10751
12712,4975.88538
12716,6361.48951
12719,5715.0084
12722,5482.0813
12723,7675.96352
12727,6443.2569
12729,6948.2288
12731,6543.97182
12737,6731.61844
12740,7440.71201
12750,7451.72563
12752,5313.37828
12755,5628.71053
12767,6717.44627
12769,3712.99786
12775,7675.96352
12777,3998.05416
12789,6376.66256
12791,5291.89688
12809,7297.7321
12814,5931.7528
12815,6202.32702
12823,7152.13259
12825,3866.79896
12826,6942.3963
12828,4546.78674
12833,4254.82514
12834,7241.37053
12836,4560.22361
12840,5291.89688
12843,6093.31527
12846,6182.75087
12857,7998.35059
12864,4745.46028
12867,4167.45124
12880,6299.22636
12881,6237.20605
12887,5755.70016
12890,8173.5891
12896,5639.4452
12898,6331.86722
12923,4926.27902
12926,7616.70599
12931,6097.44285
12942,6746.4546
12947,6376.66256
12949,6608.90751
12952,6226.28514
12954,4356.94587
12967,7541.6674
12971,3373.43684
12972,5449.4212
12984,6808.26361
12985,6482.70572
12999,4830.95981
13014,7369.68559
13020,6687.25926
13024,7428.83442
13025,4232.76231
13026,5429.68161
13036,5750.88107
13041,3948.98691
13053,5852.8742
13057,7198.42285
13061,5686.12196
13066,6598.85404
13067,7284.81478
13071,7479.93417
13072,6182.75087
13074,5291.89688
13077,3764.31973
13078,5360.87391
13084,4248.35505
13091,6887.46649
13092,5544.62172
13109,5862.80545
13112,3626.36653
13122,7284.81478
13125,6922.84679
13135,6255.89064
13138,5876.96001
13142,8263.28974
13144,5524.14541
13155,7322.60914
13156,6244.19576
13158,5750.88107
13164,7521.71436
13165,5649.03716
13168,4125.75712
13172,6515.30587
13174,4898.83586
13176,5575.39447
13181,7101.75783
13194,5403.69852
13196,6102.76282
13203,5686.12196
13206,6315.23321
13210,4888.50303
13219,7243.22611
13222,5527.42503
13231,3723.52338
13254,4418.44126
13262,5807.00693
13267,5596.22636
13273,6202.32702
13285,7878.81768
13287,7945.18784
13290,4936.36477
13297,5831.7066
13304,7541.6674
13308,5336.97473
13314,5865.38472
13319,4710.85865
13323,5837.21503
13331,7517.44077
13335,4393.52743
13340,3923.90628
13346,6467.65476
13359,5643.36045
13362,8247.52116
13364,5665.2196
13380,4769.31827
13386,7162.43364
13388,5424.12351
13390,3471.19214
13391,6409.14001
13396,4357.82292
13400,6274.93484
13407,4952.9856
13410,5501.87808
13416,5628.71053
13422,6150.84205
13424,5729.71505
13428,5882.96562
13429,5649.03716
13435,4745.46028
13448,3680.56025
13455,6451.10052
13480,4042.84264
13483,5781.85965
13484,4546.78674
13491,8175.45619
13493,3662.18313
13497,5807.00693
13499,5322.84043
13501,6752.17704
13509,5637.9843
13510,4476.81146
13513,6279.3385
13517,7963.93931
13525,7290.10652
13530,3723.52338
13533,4503.16186
13541,6235.45278
13543,4952.01304
13544,7399.87589
13553,2988.05944
13556,7914.17118
13557,5482.0813
13558,4590.82334
13559,6958.17479
13562,7322.60914
13566,4290.96488
13569,5700.24324
13583,4290.96488
13587,6808.26361
13588,5534.80494
13591,5462.13394
13593,6770.23332
13595,5954.51315
13596,5124.8549
13598,8116.53175
13602,7080.04004
13604,5695.56442
13607,8440.96097
13609,5632.45917
13610,4056.83427
13612,4125.75712
13613,3866.79896
13619,8134.72655
13621,5711.85174
13631,6687.25926
13633,6461.67087
13636,4334.84122
13637,8173.5891
13639,7529.17505
13640,6202.32702
13644,5552.72387
13646,5063.85109
13649,5746.77703
13651,6292.42962
13659,7048.87072
13664,7317.95104
13674,6860.39643
13678,6412.47345
13680,8743.52098
13691,6306.55062
13695,5424.12351
13703,4968.60117
13704,6244.19576
13706,5934.01088
13708,7243.22611
13709,3764.31973
13714,8002.9971
13721,6677.62443
13722,6621.25081
13728,5446.69747
13729,8263.28974
13743,5700.24324
13744,7267.28344
13762,6037.68613
13774,3723.52338
13775,5686.12196
13776,5807.00693
13784,5544.62172
13787,5834.98164
13789,5954.51315
13791,5556.3746
13793,6540.10545
13794,7675.96352
13805,3895.62684
13807,6671.07264
13808,6801.32393
13810,7181.42522
13813,6500.09778
13827,6190.66597
13835,6514.63899
13838,5781.85965
13840,6058.64876
13845,4393.52743
13862,6887.46649
13871,5665.2196
13872,4278.76321
13876,5639.4452
13889,5971.39402
13890,7243.22611
13892,3238.02815
13896,6960.10751
13900,7317.95104
13902,6574.18247
13904,4802.6043
13905,6347.56076
13906,5336.97473
13910,7317.95104
13912,6645.56998
13913,7150.9817
13922,5596.22636
13924,6860.39643
13934,6306.55062
13936,5313.37828
13941,5715.0084
13951,7284.81478
13961,6263.80788
13964,6198.06496
13965,6180.95142
13966,3748.46547
13970,7706.88137
13976,8263.28974
13981,4587.38557
13986,4068.35066
14003,7457.50606
14005,7163.9441
14008,5305.74363
14021,5639.4452
14028,4100.75917
14033,5807.00693
14039,6671.07264
14048,2452.68075
14049,4225.96131
14053,4673.38052
14054,5381.27266
14057,4278.76321
14062,5063.85109
14064,3804.61017
14071,5504.75083
14083,8211.0795
14087,4278.76321
14088,6320.23893
14095,6306.55062
14110,6376.66256
14111,4850.03746
14120,5837.21503
14122,5061.72061
14126,6461.67087
14127,7064.16978
14128,7172.43501
14137,5569.13925
14140,5649.03716
14146,4905.49871
14147,4789.59697
14150,6155.89609
14161,6276.41054
14164,7732.22522
14169,4010.55215
14170,7041.38018
14171,3998.05416
14173,6281.91711
14183,3626.36653
14187,8284.85461
14196,5446.69747
14198,6619.84695
14201,5711.85174
14204,2625.26916
14207,5674.02852
14234,6361.48951
14235,7425.75194
14240,5439.4215
14242,3387.78516
14245,5305.74363
14247,7243.22611
14249,4418.44126
14272,6986.80996
14275,5492.81699
14278,6301.03442
14280,4503.16186
14285,6515.30587
14288,7835.76779
14289,6368.84982
14292,7117.95038
14301,6292.96076
14303,4673.38052
14304,7101.75783
14315,7628.6476
14317,7172.43501
14323,4546.78674
14337,6150.84205
14348,7380.6338
14351,6467.65476
14352,6528.79888
14353,5367.61826
14354,5596.22636
14370,5360.87391
14371,6986.80996
14375,5085.84473
14376,6318.70872
14378,6960.10751
14381,5649.03716
14387,6465.37205
14393,6475.89456
14395,5898.01573
14396,4590.82334
14397,4320.87416
14400,6529.98232
14402,4045.47966
14404,3631.90544
14405,6663.00068
14408,6929.5548
14416,7340.46077
14422,6480.80815
14427,5996.07855
14432,7443.62446
14437,5649.03716
14449,3322.9462
14457,6638.65649
14464,5529.06614
14466,6770.23332
14469,6157.05484
14474,6795.88187
14476,7103.50894
14477,6583.45789
14479,3911.42225
14486,3049.39771
14504,7219.76039
14505,6503.27204
14515,6731.71221
14518,7243.22611
14524,6244.19576
14533,5514.66748
14544,7521.71436
14546,5596.22636
14547,6752.17704
14549,7340.46077
14550,5735.13303
14553,8157.23694
14556,7041.38018
14558,6702.78038
14563,7303.58812
14575,6150.84205
14587,8173.5891
14593,6409.14001
14594,6397.35569
14599,7136.98445
14603,3983.09785
14609,8175.45619
14617,7639.54789
14618,4830.95981
14622,3519.43131
14623,6806.49269
14640,3373.43684
14642,6058.64876
14645,5882.96562
14646,6909.43
14648,5529.06614
14649,3968.33018
14654,4282.70063
14659,3923.90628
14661,5544.62172
14662,5514.66748
14663,6645.56998
14666,4387.74185
14674,4051.55129
14675,8211.0795
14687,5377.27086
14698,3804.61017
14700,7152.13259
14703,6226.28514
14707,7825.87492
14716,5920.48718
14731,6254.65511
14736,3373.43684
14744,7565.21124
14752,3471.19214
14753,6180.95142
14756,6960.10751
14759,5575.39447
14767,5504.75083
14783,5755.70016
14784,5996.07855
14791,6638.65649
14797,5902.33288
14802,6102.76282
14803,6735.24371
14807,4737.63925
14814,5402.48408
14815,5424.12351
14816,5503.09583
14820,7028.6735
14821,6480.80815
14822,8064.73881
14823,6102.76282
14832,5061.72061
14834,6109.85047
14841,4789.59697
14845,3626.36653
14849,7004.01554
14855,5566.52275
14857,7903.51351
14858,7016.89385
14859,8247.52116
14867,3784.11935
14869,4813.45285
14880,2379.90521
14887,6146.83152
14890,7340.46077
14892,6901.65894
14903,7626.61733
14905,7270.31832
14908,7117.95038
14930,6263.80788
14950,7303.58812
14952,3712.99786
14953,4393.52743
14959,8254.05731
14963,5018.45303
14964,7732.22522
14968,5462.13394
14971,6503.27204
14975,6806.49269
14976,4936.36477
14981,7162.43364
14987,3948.98691
14988,6503.27204
14993,7416.70776
14997,5686.12196
14998,5700.24324
15000,7322.60914
15001,6909.43
15007,6451.10052
15008,8263.28974
15012,6960.10751
15014,5675.72149
15017,4768.59437
15020,4888.50303
15024,6731.61844
15025,7483.73632
15029,7241.37053
15033,7267.28344
15034,7241.37053
15035,5852.8742
15039,7101.75783
15040,6315.23321
15043,6903.87339
15044,5675.72149
15053,8212.79289
15055,6503.27204
15060,6702.78038
15070,8134.72655
15072,6376.66256
15073,5336.97473
15076,3680.56025
15077,5700.24324
15088,8212.79289
15091,6870.34212
15096,7357.3589
15106,5482.0813
15121,5715.0084
15140,4062.73953
15144,7706.88137
15156,5205.3203
15162,6860.39643
15183,6037.68613
15193,3708.20502
15196,6010.76008
15199,5781.85965
15201,5892.161
15202,3998.05416
15208,8166.59786
15209,6772.93347
15211,8247.52116
15213,4830.95981
15215,7236.09025
15217,7219.76039
15222,6146.83152
15233,5828.73212
15236,4560.22361
15237,6037.68613
15243,6958.17479
15252,5462.13394
15260,5495.36535
15263,7181.42522
15264,7340.46077
15267,8175.45619
15271,5882.96562
15279,6514.63899
15284,7198.42285
